name,slug,domain
101 Financial,101financial-com,101financial.com
"2E Wealth Management, Inc / Paul J Toohey, CFP® AIF®",2ewealth-com,2ewealth.com
A23 Advisors,a23advisors-com,a23advisors.com
ACM Wealth Management,acm-wealth-com,acm-wealth.com
Action Financial Insurance,actionfinancialinsurance-com,actionfinancialinsurance.com
Adams Wealth Advisors,adamswealthadvisors-com,adamswealthadvisors.com
Aduna Capital Wealth Management,adunacapital-com,adunacapital.com
Advanced Retirement Strategies,advancedretirementstrategies-com,advancedretirementstrategies.com
"First Command Financial Advisor - Stephen Thaeler, ChFC®|MBA|CFP®",advisor-firstcommand-com,advisor.firstcommand.com
Morgan Stanley Financial Advisors,advisor-morganstanley-com,advisor.morganstanley.com
Brea Wealth Management - UBS Financial Services Inc.,advisors-ubs-com,advisors.ubs.com
Affinity Wealth Resources,affinitywealthresources-com,affinitywealthresources.com
Afortus Financial,afortus-com,afortus.com
"Pacific Advisors, LLC",agencies-guardianlife-com,agencies.guardianlife.com
Kris Stevenson,agents-worldfinancialgroup-com,agents.worldfinancialgroup.com
Allegis Financial Partners,allegisfp-com,allegisfp.com
"Alliance Group, Inc.",alliancegroupfinancial-com,alliancegroupfinancial.com
AnchorPoint Financial,anchorpointadvisors-com,anchorpointadvisors.com
Approach Capital Partners - Financial Advisor,approachcp-com,approachcp.com
Argent Trust Company,argentfinancial-com,argentfinancial.com
ArrivaSure Wealth,arrivasurewealth-com,arrivasurewealth.com
Ascend Investment Partners,ascendinvestment-com,ascendinvestment.com
Ashford Advisors,ashfordadvisors-net,ashfordadvisors.net
Atlanta Finance Department,atlanta-finance-department,atlantaga.gov
Atlas Ridge Financial,atlasridgefinancial-com,atlasridgefinancial.com
AutoPal Software,autopalsoftware-com,autopalsoftware.com
Axex Financial,axexfinancial-com,axexfinancial.com
Axiom Financial,axiomfis-com,axiomfis.com
Axio Wealth Management,axiowm-com,axiowm.com
Babylon Wealth Management,babylon-wealth-management,babylonwealth.com
Baker Avenue Wealth Management,baker-avenue-wealth-management,bakerave.com
Baker Wealth Management,bakerwealthmanagement-com,bakerwealthmanagement.com
Douglas B. Arnell - BancWest Investment Services Wealth Financial Advisor,bankofthewest-com,bankofthewest.com
Bank of Utah - Orem,bankofutah-com,bankofutah.com
Kraig Strom - Certified Financial Planner,barthattorneys-com,barthattorneys.com
Beacon Financial Planning,beaconplanning-com,beaconplanning.com
Beacon Financial LLC,beaconsuccess-com,beaconsuccess.com
Becker Wealth Management LLC,beckerwealthmanagementllc-com,beckerwealthmanagementllc.com
Benchmark Wealth Management,benchmarkwealth-com,benchmarkwealth.com
"Larry Bennett, Adviser - Bennett Financial & Insurance Services",bennettfis-com,bennettfis.com
Bessemer Trust Private Wealth Management New York NY,bessemertrust-com,bessemertrust.com
BlackRock,blackrock,blackrock.com
Block Advisors,blockadvisors-com,blockadvisors.com
Blunt Wealth Services,bluntwealthservices-com,bluntwealthservices.com
BNY Wealth New York - 200 Park Ave,bny-com,bny.com
Merrill Lynch Wealth Management,boa-com,boa.com
Boyer Retirement Group,boyerretirementgroup-com,boyerretirementgroup.com
"Jessica Boyer, Certified Financial Planner",boyerwealthmanagement-com,boyerwealthmanagement.com
Bracey Tax & Financial Services,braceyfinancial-com,braceyfinancial.com
"Brad Hess, Certified Financial Planner",bradhess-net,bradhess.net
BMO Bank N.A Branches,branches-bmoharris-com,branches.bmoharris.com
Brevity Wealth Solutions,brevitywealth-com,brevitywealth.com
B. Riley Wealth Management,brileywealth-com,brileywealth.com
"Michael Russo - Wells Fargo Advisors, Wealth Management Staten Island",broadstreetwm-com,broadstreetwm.com
Buckhead Wealth Management,buckhead-wealth-management,buckheadwealth.com
"Cadinha & Co., LLC",cadinha-com,cadinha.com
"Caldwell Wealth Management, LLC.",caldwellwealth-com,caldwellwealth.com
Cambridge Financial Network,cambridgefn-com,cambridgefn.com
Canyon Strategic Wealth - Jake Cazier CFP®,canyonstrategicwealth-com,canyonstrategicwealth.com
Capital Wealth,capitalwealth-com,capitalwealth.com
Capstone Partners - Utah,capstonepartnersutah-com,capstonepartnersutah.com
CAPTRUST,captrust-com,captrust.com
Cardinal Legacy Wealth Advisors,cardinallegacywealth-com,cardinallegacywealth.com
Carmichael Financial Advisors,carmichaelfinancial-net,carmichaelfinancial.net
Carnegie Private Wealth,carnegieprivatewealth-com,carnegieprivatewealth.com
Caron Wealth Management,caronwealthmanagement-com,caronwealthmanagement.com
Catalyst Retirement Solutions,catalyst-retire-com,catalyst-retire.com
Centerpoint Wealth Strategies,centerpointwealthstrategies-com,centerpointwealthstrategies.com
CFH Financial Services,cfhfinancial-com,cfhfinancial.com
"Charis Financial, Inc.",charisre-com,charisre.com
Charles Schwab,charles-schwab,client.schwab.com
Cheney Financial Services Inc,cheneyfinancial-com,cheneyfinancial.com
LPL Financial,chofinancial-com,chofinancial.com
CH Retirement Income Planning,chretirement-com,chretirement.com
CIBC Private Wealth,cibc-private-wealth,private-wealth.us.cibc.com
ClearRock Capital,clearrock-capital,clearrockcapital.com
"Clearview Wealth Management, LLC",clearviewfpg-com,clearviewfpg.com
Edward J Cole Financial,colefinancialadvisors-com,colefinancialadvisors.com
Rob Burns - Thrivent,connect-thrivent-com,connect.thrivent.com
Connect Financial,connectfinancial-biz,connectfinancial.biz
"Cooke Wealth Management, LLC",cookewm-com,cookewm.com
"Cornerstone Financial and Associates, Inc.",cornerstoneut-com,cornerstoneut.com
Cottonwood Asset Management,cottonwoodasset-com,cottonwoodasset.com
Crown Wealth Group,crownwealthgroup-com,crownwealthgroup.com
Curtain Wealth Planning,curtainwp-com,curtainwp.com
"Cunningham Wealth Management, LLC",cwmwealth-com,cwmwealth.com
D.A. Davidson,dadavidson-com,dadavidson.com
Dahle's Financial Services,dahlestax-com,dahlestax.com
"Cole & Company Wealth Management, Inc",darylcole-com,darylcole.com
Davis Williams Wealth Management,daviswilliams-com,daviswilliams.com
"Day Financial Services, Inc.",dayfinancial-com,dayfinancial.com
Dcj Global Wealth Management,dcjglobal-net,dcjglobal.net
Decisive Investor,decisiveinvestor-com,decisiveinvestor.com
DES Financial Group,desfinancialgroup-com,desfinancialgroup.com
"Diversified Financial Services, Inc",dfsloan-com,dfsloan.com
DirectMyLoan,directmyloan-com,directmyloan.com
Dogwood Financial Planning,dogwoodfinancialplanning-com,dogwoodfinancialplanning.com
Crane & Associates Financial Planning,doncrane-com,doncrane.com
Ben Chappell Financial Adviser (Drive Wealth Advisers),drivewealthadvice-com,drivewealthadvice.com
Drucker Wealth Management,druckerwealth-com,druckerwealth.com
Elevated Private Wealth Advisors,elevatedpwa-com,elevatedpwa.com
Elevation Wealth Planning,elevationwealth-nm-com,elevationwealth.nm.com
"Emerald Wealth Management, Inc.",emeraldwealthmgmt-com,emeraldwealthmgmt.com
Endeavor wealth management,endeavorwm-com,endeavorwm.com
Basinger Entrepreneur Advisors,entrepreneuradvisors-com,entrepreneuradvisors.com
The Equitable Finance Company,equitablefinco-com,equitablefinco.com
Evermont Wealth,evermont-com,evermont.com
Evoke Wealth Management,evokewm-com,evokewm.com
Fairley Wealth Management Group,fairleywealthmanagement-com,fairleywealthmanagement.com
Falcon Wealth Planning,falconwealthplanning-com,falconwealthplanning.com
Northwestern Mutual - Farmington,farmingtonut-nm-com,farmingtonut.nm.com
Fidelity Investments,fidelity-com,fidelity.com
Financial Insights,financialins-com,financialins.com
Ryan Wang,financialprofessional-tfaconnects-com,financialprofessional.tfaconnects.com
"Financial Prosperity, Inc.",financialprosperityinc-com,financialprosperityinc.com
FirstPurpose Wealth,firstpurpose-com,firstpurpose.com
Fish + Associates,fishandassociates-com,fishandassociates.com
"Focal Point Financial Planning, LLC",focalpointplanning-com,focalpointplanning.com
"Focused Wealth, LLC",focusedwealthllc-com,focusedwealthllc.com
Financial Partners Credit Union,fpcu-org,fpcu.org
Frazee Investment Consulting,frazee-investment-consulting,frazeeinvestment.com
Freedom Point Financial,freedompoint-net,freedompoint.net
Future Vest Financial Services,futurevestfinancialservices-com,futurevestfinancialservices.com
Family Wealth Partners,fwpnc-com,fwpnc.com
Northwestern Mutual Wealth Management Company :Gardner Brown,gardner-brown-com,gardner-brown.com
GoldLine Wealth Management,goldlinewealthmanagement-com,goldlinewealthmanagement.com
Goldman Sachs,goldman-sachs,goldmansachs.com
Green Square Wealth Management,greensquareco-com,greensquareco.com
Hal Otey Financial,haloteyfinancial-com,haloteyfinancial.com
Account Configuration Services,hardingadvising-com,hardingadvising.com
Hawekotte Financial Group,hawekotte-com,hawekotte.com
Haynie & Company,hayniecpas-com,hayniecpas.com
Helm Financial Services,helmfinancialservices-com,helmfinancialservices.com
HERDT BRINKERHOFF & HB RISK MANAGEMENT,herdtbrinkerhoff-com,herdtbrinkerhoff.com
Highcountry Wealth Management,highcountry-nm-com,highcountry.nm.com
"Holland Capital Management, LLC",hollandcapitalgroup-com,hollandcapitalgroup.com
Wells Fargo Advisors,home-wellsfargoadvisors-com,home.wellsfargoadvisors.com
Chase Mortgage,homelendingadvisor-chase-com,homelendingadvisor.chase.com
Homestead Wealth Management,homesteadwealthmgt-com,homesteadwealthmgt.com
Independent Wealth Management,i-wmonline-com,i-wmonline.com
Innovative Financial Group- Memphis,ifgmemphis-com,ifgmemphis.com
Irvine Wealth Management,irvinewealthmanagement-com,irvinewealthmanagement.com
"Jack West - JC West & Associates, Inc.",jcwestandassociatesinc-com,jcwestandassociatesinc.com
"Transamerica Financial Advisors, Jeffrey Bunderson",jeffbunderson-com,jeffbunderson.com
Jim Barlow Advisors (Aka: Plan 4 Wealth - Layton),jimbarlowadvisors-com,jimbarlowadvisors.com
J K Financial Services,jkfinancial-net,jkfinancial.net
John Stokes Financial,johnstokesfinancial-com,johnstokesfinancial.com
"Martavius D. Jones, ChFEBC",joneswealthmgmt-com,joneswealthmgmt.com
Joshua E. Hernandez - CFEd Certified Financial Educator,joshua-h-com,joshua-h.com
KAC Financial Services,kacfinancialservices-com,kacfinancialservices.com
Karam Wealth Advisors,karamwealth-com,karamwealth.com
Keeler Thomas Management,keelerthomas-com,keelerthomas.com
"Keystone Financial Edge, Inc",keystonefinancialedge-com,keystonefinancialedge.com
KJP Wealth Management,kjpwealthmanagement-com,kjpwealthmanagement.com
"Transamerica Financial Advisors, Kris Stevenson",krisstevensontfa-com,krisstevensontfa.com
Lagos Wealth Advisors,lagosadvisors-com,lagosadvisors.com
Lakeland Wealth Management,lakelandwealth-com,lakelandwealth.com
Lancaster Financial Services LLC,lancasterfinancialservices-com,lancasterfinancialservices.com
"Landmark Wealth Advisors, LLC",landmarkwa-com,landmarkwa.com
Lawrence Wealth Management,lawrencewealth-com,lawrencewealth.com
The Avenue Wealth Management Memphis,leannescull-com,leannescull.com
Lee Miles Wealth Management,leemiles-com,leemiles.com
Legend Financial Services,legendfinancialservices-com,legendfinancialservices.com
Level Wealth Management,levelwm-com,levelwm.com
Lighthouse Financial Services Inc,lighthouselink-com,lighthouselink.com
Siege Financial Services,linkedin-com,linkedin.com
LJCooper Capital Management,ljcooper-com,ljcooper.com
TIAA Financial Services,locations-tiaa-org,locations.tiaa.org
Bank of America Financial Center,locators-bankofamerica-com,locators.bankofamerica.com
Lock Wealth Management,lock-wealth-management,lockwealthmanagement.com
City Center Wealth Advisors,locumgroupbenefits-com,locumgroupbenefits.com
LPL Financial,lpl-com,lpl.com
Lunsford & Peck LLC,lunsfordpeck-com,lunsfordpeck.com
Terrell Pickett - Mountain America Investment Services,macu-com,macu.com
Madsen Financial Coaching,madsenfinancialcoaching-com,madsenfinancialcoaching.com
MAG CAP,mag-cap,magcapadvisors.com
Managed Wealth Financial,managedwealthfinancial-com,managedwealthfinancial.com
Manhattan Wealth Management Group,manhattanwealth-com,manhattanwealth.com
Marco Wealth Strategies Group,marcowsg-com,marcowsg.com
Marigold Financial Partners,marigoldfp-com,marigoldfp.com
Mariner,marinerwealthadvisors-com,marinerwealthadvisors.com
Marion Douglas Financial and Insurance Services,marion-douglas-com,marion-douglas.com
"Marius Wealth Management, LLC",mariuswealth-com,mariuswealth.com
Myers Financial Services,markmyersfinancialservices-com,markmyersfinancialservices.com
Ruleman Asset Management & Planning,markruleman-com,markruleman.com
Matthew Hoskins Financial,matthewhoskins-com,matthewhoskins.com
C. David McClure - McClure Wealth Management,mcclurewm-com,mcclurewm.com
Northwestern Mutual,memphis-nm-com,memphis.nm.com
"AB&Associates, Certified Divorce Financial Analyst",meridian-associates-inc,msannettebrown.com
Merit Financial Advisors,meritfinancialadvisors-com,meritfinancialadvisors.com
Merrill Lynch Wealth Management,merrill-lynch-wealth-management,advisor.ml.com
Merrill Financial Associates,merrillfinancialassociates-com,merrillfinancialassociates.com
Metropolitan Financial SLC,metroslc-com,metroslc.com
Merchants Financial Guardian,mfgcollection-com,mfgcollection.com
Mike Pelo - Northwestern Mutual,michaelpelo-nm-com,michaelpelo.nm.com
"Ministry Partners Investment Company, LLC",ministrypartners-org,ministrypartners.org
MJF Financial,mjffinancialgroup-com,mjffinancialgroup.com
Modera Wealth Management,moderawealth-com,moderawealth.com
Modern Wealth Design,modernwealthdesign-com,modernwealthdesign.com
MoneyGram,moneygram-com,moneygram.com
Monroe Wealth Management,monroe-wealth-management,monroewm.com
Montage Wealth Advisors,montagewealth-net,montagewealth.net
Multigen Institute - Raymond James,multigen-institute-com,multigen-institute.com
Encore Benefits,myencorebenefits-com,myencorebenefits.com
My Prosper Team,myprosperteam-com,myprosperteam.com
Premier Choice Wealth Advisors,mywealthcompany-com,mywealthcompany.com
Networth Financial Group,nettworth-net,nettworth.net
"Kenneth Richey, Financial Professional - New York Life",newyorklife-com,newyorklife.com
NoDa Wealth Management,nodawealth-com,nodawealth.com
North Berkeley Wealth Management,northberkeleywealth-com,northberkeleywealth.com
North Capital,northcapital-com,northcapital.com
Northland Investments,northlandinvestments-net,northlandinvestments.net
Northwestern Mutual - South Ogden,northwesternmutual-com,northwesternmutual.com
Novare Capital Management,novarecapital-com,novarecapital.com
Nuvista Wealth,nuvistawealth-com,nuvistawealth.com
OakTree Premium Finance,oaktreeia-com,oaktreeia.com
Money Managers Inc. Financial Advisor,ocmoneymanagers-com,ocmoneymanagers.com
Orthopedic Financial Services Group,ofsg-com,ofsg.com
Citi Wealth Management,online-citi-com,online.citi.com
Orion Financial LLC,orionfin-net,orionfin.net
Outpost Advisors,outpostadvisors-net,outpostadvisors.net
"P3 Financial Group, Inc.",p3financialgroup-com,p3financialgroup.com
Pacific Coast Wealth Management,pacificcoastwealthmanagement-com,pacificcoastwealthmanagement.com
"Pacific Insurance, Inc",pacificinsuranceinc-com,pacificinsuranceinc.com
Pacific Prime Latin America,pacificprime-lat,pacificprime.lat
"Pacific Side Insurance Services, LLC",pacificsideinsurance-com,pacificsideinsurance.com
PacificView Wealth Management,pacviewwealth-com,pacviewwealth.com
Paragon Wealth Management,paragonwealth-com,paragonwealth.com
Paramount Tax & Accounting of Orem,paramount-tax,paramount.tax
Paramount Tax & Accounting CPAs of Lehi,paramountcpa-com,paramountcpa.com
Park Avenue Financial Advisors,parkavenuefinancialadvisors-com,parkavenuefinancialadvisors.com
Partner Alliance Advisors,partnerallianceadvisors-com,partnerallianceadvisors.com
Pathstream,pathstream,pathstream.com
Peak Financial Network Solutions,peakfns-com,peakfns.com
Peak Investment Coaching,peakinvestmentcoaching-com,peakinvestmentcoaching.com
David Penn,pennleepartners-com,pennleepartners.com
Periscope Wealth Advisors,periscopewealthadvisors-com,periscopewealthadvisors.com
Peterson & Associates CPA,petersoncpa-net,petersoncpa.net
Peterson Wealth Services Inc,petersonws-com,petersonws.com
Pier Financial Advisors,pierfa-com,pierfa.com
"Pinnacle Wealth Group, LLC",pinnaclewealthgroupllc-com,pinnaclewealthgroupllc.com
Pinnacle Wealth Strategies,pinnaclews-com,pinnaclews.com
"Plan Certain Financial, Real Estate, Estate Planning",plancertain-com,plancertain.com
Fidelity Equity Inc,pr-business,pr.business
Professional Risk & Asset Management,pram-com,pram.com
Premier Financial Planning,premierfpg-com,premierfpg.com
Prentis Wealth Management,prentiswmg-com,prentiswmg.com
Priority Wealth Partners,priority-wealth-com,priority-wealth.com
Bank of America Private Client Advisor William Turley,private-bankofamerica-com,private.bankofamerica.com
Private Advisory Group,privateadvisory-com,privateadvisory.com
"Promontory Financial Planning, LLC",promontoryfp-com,promontoryfp.com
Best Financial of Provo,provo-bestfinancial-net,provo.bestfinancial.net
Derek Adams - Prudential Financial,prudential-com,prudential.com
Proactive Wealth Concepts,pwcutah-com,pwcutah.com
Radian Partners,radianpartners-net,radianpartners.net
R.A.I. Wealth Management,raiwm-com,raiwm.com
VIOS Advisors,rcm-rockco-com,rcm.rockco.com
Red Rock Financial of Ogden,redrockloans-net,redrockloans.net
"RedStone Advisors, LLC",redstoneadvisorsllc-com,redstoneadvisorsllc.com
Reiter Financial Services,reiterfinancial-com,reiterfinancial.com
Renaissance Financial,renaissancefinancial-com,renaissancefinancial.com
Summit Capital Financial Group,retirewithsummit-com,retirewithsummit.com
Revival Wealth,revivalwealth-com,revivalwealth.com
Rhino Wealth Management,rhinowealth-com,rhinowealth.com
RMR Wealth Management,rmrwm-com,rmrwm.com
"Romero Wealth Management, Inc.",romerowm-com,romerowm.com
Roop Financial Services,roopfinancial-com,roopfinancial.com
Rovin Capital,rovincapital-com,rovincapital.com
"Brandon S Atkinson, ChFC, LUTCF, PPC",rr-wealthadvisors-com,rr-wealthadvisors.com
"RS Financial Group, LLC",rsfinancialgroup-com,rsfinancialgroup.com
Ruffalo Wealth Management,ruffalowealthmanagement-com,ruffalowealthmanagement.com
welcome to ryan m. day consulting,ryanmday-net,ryanmday.net
Sackett Financial Group,sackettfinancial-com,sackettfinancial.com
Boss Financial & Insurance Services,safemonylyleboss-com,safemonylyleboss.com
"LPL Financial - Kent C. Griffiths, MBA, CFP",sagelpl-com,sagelpl.com
Sapere Wealth Management,sapere-com,sapere.com
Sapphire Wealth Management,sapphire-wm-com,sapphire-wm.com
Savology,savology-com,savology.com
Scott Eichler - Savvy Advisors - Financial Planner Orange County,savvywealth-com,savvywealth.com
Sayegh Wealth Management,sayeghwealth-com,sayeghwealth.com
"Serenity Wealth Management, Charlotte Fiduciary Financial Advisors",serenitywmnc-com,serenitywmnc.com
Shoemaker Financial,shoemakerfinancial-com,shoemakerfinancial.com
SilverLeaf Financial,silverleaffinacialutah-wordpress-com,silverleaffinacialutah.wordpress.com
"The Sims Financial Group, Inc.",simsfinancialgroup-com,simsfinancialgroup.com
SmartLink Financial,smartlinkfinancial-com,smartlinkfinancial.com
Solutions Wealth Management,solutionswealthmgmt-com,solutionswealthmgmt.com
Sovereign Financial Group,sovereignfinancialgroup-com,sovereignfinancialgroup.com
Red Rock Financial of Springville,springville-redrockloans-net,springville.redrockloans.net
"Centaurus Financial, Inc - Ryan Lundquist & Steven Lundquist",srtwealthpartners-com,srtwealthpartners.com
Sterling Wealth Management,sterlingwm-com,sterlingwm.com
Sterling Wealth Partners,sterlingwpartners-com,sterlingwpartners.com
Steward Financial Services,stewardfinancial-com,stewardfinancial.com
Steward Partners,stewardpartners-com,stewardpartners.com
Stifel,stifel-com,stifel.com
"Stone Financial Services, Inc.",stonefinancial-com,stonefinancial.com
StrateFi Wealth Management,stratefiwealth-com,stratefiwealth.com
Strategic Financial Partners,strategicfinancialpartners-com,strategicfinancialpartners.com
Strategic Fortune Wealth Management,strategicfortunewm-com,strategicfortunewm.com
Summit Global Investments,summitglobalinvestments-com,summitglobalinvestments.com
"Summit View Financial, LLC",summitviewllc-net,summitviewllc.net
Summit Wealth Group,summitwealthgroup-com,summitwealthgroup.com
Swain Wealth Partners,swainwealthpartners-com,swainwealthpartners.com
Spectrum Wealth Management Llc,swmadvisors-com,swmadvisors.com
Synergy Financial Advisors,synergyfa-com,synergyfa.com
Advisory Group,tagfinancial-com,tagfinancial.com
Taylor Wealth Management Group,taylorwealthmgmt-com,taylorwealthmgmt.com
"Tech Wealth, LLC",techwealth-co,techwealth.co
The Advisor Group,theadvisor-group,theadvisor.group
The Norden Group,thenordengroup-com,thenordengroup.com
"James Rawlings CFP AIF , Financial Advisor",theoakbridge-com,theoakbridge.com
"John R Taylor, Financial Advisor",therightjohntaylor-com,therightjohntaylor.com
The Strategic Alliance Group of Raymond James,thesagroup-net,thesagroup.net
"Thompson Wealth Management, LLC",thompsonwealthmgmt-com,thompsonwealthmgmt.com
Thrivent Financial for Lutherans,thrivent-com,thrivent.com
Thrive Retirement Planning,thriverp-com,thriverp.com
Timpanogos Financial Advisors,timpfa-com,timpfa.com
Horace Mann Insurance,topoftheclassinsurance-com,topoftheclassinsurance.com
Topsail Wealth Management,topsailwealthmanagement-com,topsailwealthmanagement.com
TriCapital Wealth Management,tricapitalgroup-com,tricapitalgroup.com
Trinity Capital Management,trinitycapitalmanagement-net,trinitycapitalmanagement.net
Tristate Financial Advisors,tristatefa-com,tristatefa.com
True Capital Management,true-capital-management,truecapitalmgmt.com
"True Legacy Wealth Management, LLC",truelegacywm-com,truelegacywm.com
True North Wealth Management,truenorth-wm-com,truenorth-wm.com
TSG Wealth Management - Long Beach,tsgwm-com,tsgwm.com
UBS Private Wealth Management,ubs-private-wealth-management,ubs.com
United Capital Financial Advisors,unitedcapitalwealth-com,unitedcapitalwealth.com
Elysium Financial,ut-myelysium-com,ut.myelysium.com
Northwestern Mutual,utah-nm-com,utah.nm.com
Ken Graham - State Farm Insurance Agent,utahinsuranceteam-com,utahinsuranceteam.com
Lifetime Financial,utahinvestmentadvisor-com,utahinvestmentadvisor.com
Utah Senior Planning,utahseniorplanning-com,utahseniorplanning.com
Valley Insurance and Financial Services,valleyinsuranceutah-com,valleyinsuranceutah.com
Vantage Capital Alliance,vantageca-com,vantageca.com
Vantage Financial Group,vantagefinancialgroup-net,vantagefinancialgroup.net
VantaQuest,vantaquest-com,vantaquest.com
Vande Bossche Financial Planning and Wealth Management,vb-financial,vb.financial
Von Colln Financial Group,vcfinancialgroup-net,vcfinancialgroup.net
Veater Financial Group,veaterfinancialgroup-com,veaterfinancialgroup.com
Crossroads Investment Advisors,verapathglobal-com,verapathglobal.com
Veritas Funding - Park City | Home Loans and Refinance,vfund-com,vfund.com
VOSBERG WEALTH MANAGEMENT,vosbergwealth-com,vosbergwealth.com
VisionTree Financial Advisors,vtadvisors-com,vtadvisors.com
Walker Covey Wealth Advisors,walkercovey-com,walkercovey.com
Metropolitan Wealth Management of Raymond James,wardmayer-com,wardmayer.com
"Warren Street Wealth Advisors, LLC",warrenstreetwealth-com,warrenstreetwealth.com
Wasatch Peaks Credit Union,wasatchpeaks-com,wasatchpeaks.com
Wealth Innovation Group,wealthig-com,wealthig.com
Wealth Navigation Advisors,wealthnavigation-com,wealthnavigation.com
Wealthspire Advisors,wealthspire-com,wealthspire.com
"WealthWorx, LLC",wealthworx-org,wealthworx.org
Weave Wealth Partners,weavewealth-com,weavewealth.com
WEX Inc.,wexinc-com,wexinc.com
Shoreline Wealth Management,wfafinet-com,wfafinet.com
Wilson Financial Advisors,wilsonfeeonly-com,wilsonfeeonly.com
"Wish Financial Designs, LLC",wishfd-com,wishfd.com
Woodbury Financial Services,woodburyfinancial-com,woodburyfinancial.com
"Your Financial Resource, Inc. - Sid R. Alvey | Financial Advisor |",yourfinancialresource-com,yourfinancialresource.com
Robert Burton,zachburton-nm-com,zachburton.nm.com
